Founder Count,Funding Amount (INR Cr)
1,1.8714285714285714
2,1.9666666666666668
3,2.025
